{
    "loss": 0.5719804763793945,
    "accuracy": 0.886724054813385
}