{
    "loss": 10.995311737060547,
    "accuracy": 0.3099229633808136
}