{
    "loss": 11.267040252685547,
    "accuracy": 0.690077006816864
}