{
    "loss": 2.0217678546905518,
    "accuracy": 0.7159039378166199
}